"year_quarter","Tasking_Location","base","score"
"2017 Apr to Jun","Beach/Cliff","Caernarfon",9
"2017 Apr to Jun","Beach/Cliff","Humberside",9
"2017 Apr to Jun","Beach/Cliff","Inverness",7
"2017 Apr to Jun","Beach/Cliff","Lee On Solent",9
"2017 Apr to Jun","Beach/Cliff","Lydd",24
"2017 Apr to Jun","Beach/Cliff","Newquay",21
"2017 Apr to Jun","Beach/Cliff","Prestwick",12
"2017 Apr to Jun","Beach/Cliff","St Athan",30
"2017 Apr to Jun","Beach/Cliff","Stornoway",7
"2017 Apr to Jun","Beach/Cliff","Sumburgh",0
"2017 Apr to Jun","Mountain","Caernarfon",38
"2017 Apr to Jun","Mountain","Humberside",3
"2017 Apr to Jun","Mountain","Inverness",25
"2017 Apr to Jun","Mountain","Lee On Solent",0
"2017 Apr to Jun","Mountain","Lydd",1
"2017 Apr to Jun","Mountain","Newquay",0
"2017 Apr to Jun","Mountain","Prestwick",19
"2017 Apr to Jun","Mountain","St Athan",7
"2017 Apr to Jun","Mountain","Stornoway",19
"2017 Apr to Jun","Mountain","Sumburgh",0
"2017 Apr to Jun","Other","Caernarfon",32
"2017 Apr to Jun","Other","Humberside",31
"2017 Apr to Jun","Other","Inverness",21
"2017 Apr to Jun","Other","Lee On Solent",24
"2017 Apr to Jun","Other","Lydd",12
"2017 Apr to Jun","Other","Newquay",58
"2017 Apr to Jun","Other","Prestwick",36
"2017 Apr to Jun","Other","St Athan",29
"2017 Apr to Jun","Other","Stornoway",13
"2017 Apr to Jun","Other","Sumburgh",18
"2017 Apr to Jun","Vessel","Caernarfon",7
"2017 Apr to Jun","Vessel","Humberside",15
"2017 Apr to Jun","Vessel","Inverness",7
"2017 Apr to Jun","Vessel","Lee On Solent",18
"2017 Apr to Jun","Vessel","Lydd",13
"2017 Apr to Jun","Vessel","Newquay",13
"2017 Apr to Jun","Vessel","Prestwick",13
"2017 Apr to Jun","Vessel","St Athan",10
"2017 Apr to Jun","Vessel","Stornoway",8
"2017 Apr to Jun","Vessel","Sumburgh",12
"2017 Jul to Sep","Beach/Cliff","Caernarfon",25
"2017 Jul to Sep","Beach/Cliff","Humberside",16
"2017 Jul to Sep","Beach/Cliff","Inverness",9
"2017 Jul to Sep","Beach/Cliff","Lee On Solent",26
"2017 Jul to Sep","Beach/Cliff","Lydd",21
"2017 Jul to Sep","Beach/Cliff","Newquay",46
"2017 Jul to Sep","Beach/Cliff","Prestwick",15
"2017 Jul to Sep","Beach/Cliff","St Athan",58
"2017 Jul to Sep","Beach/Cliff","Stornoway",11
"2017 Jul to Sep","Beach/Cliff","Sumburgh",1
"2017 Jul to Sep","Mountain","Caernarfon",45
"2017 Jul to Sep","Mountain","Humberside",3
"2017 Jul to Sep","Mountain","Inverness",37
"2017 Jul to Sep","Mountain","Lee On Solent",0
"2017 Jul to Sep","Mountain","Lydd",0
"2017 Jul to Sep","Mountain","Newquay",0
"2017 Jul to Sep","Mountain","Prestwick",38
"2017 Jul to Sep","Mountain","St Athan",9
"2017 Jul to Sep","Mountain","Stornoway",12
"2017 Jul to Sep","Mountain","Sumburgh",0
"2017 Jul to Sep","Other","Caernarfon",20
"2017 Jul to Sep","Other","Humberside",41
"2017 Jul to Sep","Other","Inverness",28
"2017 Jul to Sep","Other","Lee On Solent",52
"2017 Jul to Sep","Other","Lydd",24
"2017 Jul to Sep","Other","Newquay",72
"2017 Jul to Sep","Other","Prestwick",58
"2017 Jul to Sep","Other","St Athan",38
"2017 Jul to Sep","Other","Stornoway",15
"2017 Jul to Sep","Other","Sumburgh",18
"2017 Jul to Sep","Vessel","Caernarfon",1
"2017 Jul to Sep","Vessel","Humberside",10
"2017 Jul to Sep","Vessel","Inverness",2
"2017 Jul to Sep","Vessel","Lee On Solent",26
"2017 Jul to Sep","Vessel","Lydd",14
"2017 Jul to Sep","Vessel","Newquay",17
"2017 Jul to Sep","Vessel","Prestwick",12
"2017 Jul to Sep","Vessel","St Athan",12
"2017 Jul to Sep","Vessel","Stornoway",13
"2017 Jul to Sep","Vessel","Sumburgh",5
"2017 Oct to Dec","Beach/Cliff","Caernarfon",7
"2017 Oct to Dec","Beach/Cliff","Humberside",9
"2017 Oct to Dec","Beach/Cliff","Inverness",4
"2017 Oct to Dec","Beach/Cliff","Lee On Solent",16
"2017 Oct to Dec","Beach/Cliff","Lydd",24
"2017 Oct to Dec","Beach/Cliff","Newquay",15
"2017 Oct to Dec","Beach/Cliff","Prestwick",7
"2017 Oct to Dec","Beach/Cliff","St Athan",16
"2017 Oct to Dec","Beach/Cliff","Stornoway",3
"2017 Oct to Dec","Beach/Cliff","Sumburgh",0
"2017 Oct to Dec","Mountain","Caernarfon",28
"2017 Oct to Dec","Mountain","Humberside",2
"2017 Oct to Dec","Mountain","Inverness",17
"2017 Oct to Dec","Mountain","Lee On Solent",0
"2017 Oct to Dec","Mountain","Lydd",0
"2017 Oct to Dec","Mountain","Newquay",0
"2017 Oct to Dec","Mountain","Prestwick",20
"2017 Oct to Dec","Mountain","St Athan",9
"2017 Oct to Dec","Mountain","Stornoway",5
"2017 Oct to Dec","Mountain","Sumburgh",0
"2017 Oct to Dec","Other","Caernarfon",17
"2017 Oct to Dec","Other","Humberside",30
"2017 Oct to Dec","Other","Inverness",22
"2017 Oct to Dec","Other","Lee On Solent",41
"2017 Oct to Dec","Other","Lydd",13
"2017 Oct to Dec","Other","Newquay",34
"2017 Oct to Dec","Other","Prestwick",46
"2017 Oct to Dec","Other","St Athan",36
"2017 Oct to Dec","Other","Stornoway",10
"2017 Oct to Dec","Other","Sumburgh",21
"2017 Oct to Dec","Vessel","Caernarfon",3
"2017 Oct to Dec","Vessel","Humberside",13
"2017 Oct to Dec","Vessel","Inverness",2
"2017 Oct to Dec","Vessel","Lee On Solent",9
"2017 Oct to Dec","Vessel","Lydd",7
"2017 Oct to Dec","Vessel","Newquay",11
"2017 Oct to Dec","Vessel","Prestwick",2
"2017 Oct to Dec","Vessel","St Athan",3
"2017 Oct to Dec","Vessel","Stornoway",4
"2017 Oct to Dec","Vessel","Sumburgh",11
"2018 Jan to Mar","Beach/Cliff","Caernarfon",12
"2018 Jan to Mar","Beach/Cliff","Humberside",11
"2018 Jan to Mar","Beach/Cliff","Inverness",6
"2018 Jan to Mar","Beach/Cliff","Lee On Solent",11
"2018 Jan to Mar","Beach/Cliff","Lydd",12
"2018 Jan to Mar","Beach/Cliff","Newquay",13
"2018 Jan to Mar","Beach/Cliff","Prestwick",6
"2018 Jan to Mar","Beach/Cliff","St Athan",19
"2018 Jan to Mar","Beach/Cliff","Stornoway",0
"2018 Jan to Mar","Beach/Cliff","Sumburgh",0
"2018 Jan to Mar","Mountain","Caernarfon",34
"2018 Jan to Mar","Mountain","Humberside",6
"2018 Jan to Mar","Mountain","Inverness",61
"2018 Jan to Mar","Mountain","Lee On Solent",0
"2018 Jan to Mar","Mountain","Lydd",0
"2018 Jan to Mar","Mountain","Newquay",0
"2018 Jan to Mar","Mountain","Prestwick",36
"2018 Jan to Mar","Mountain","St Athan",9
"2018 Jan to Mar","Mountain","Stornoway",7
"2018 Jan to Mar","Mountain","Sumburgh",0
"2018 Jan to Mar","Other","Caernarfon",20
"2018 Jan to Mar","Other","Humberside",28
"2018 Jan to Mar","Other","Inverness",22
"2018 Jan to Mar","Other","Lee On Solent",47
"2018 Jan to Mar","Other","Lydd",17
"2018 Jan to Mar","Other","Newquay",48
"2018 Jan to Mar","Other","Prestwick",37
"2018 Jan to Mar","Other","St Athan",24
"2018 Jan to Mar","Other","Stornoway",13
"2018 Jan to Mar","Other","Sumburgh",38
"2018 Jan to Mar","Vessel","Caernarfon",3
"2018 Jan to Mar","Vessel","Humberside",19
"2018 Jan to Mar","Vessel","Inverness",1
"2018 Jan to Mar","Vessel","Lee On Solent",5
"2018 Jan to Mar","Vessel","Lydd",6
"2018 Jan to Mar","Vessel","Newquay",11
"2018 Jan to Mar","Vessel","Prestwick",3
"2018 Jan to Mar","Vessel","St Athan",1
"2018 Jan to Mar","Vessel","Stornoway",5
"2018 Jan to Mar","Vessel","Sumburgh",10
"2018 Apr to Jun","Beach/Cliff","Caernarfon",13
"2018 Apr to Jun","Beach/Cliff","Humberside",14
"2018 Apr to Jun","Beach/Cliff","Inverness",7
"2018 Apr to Jun","Beach/Cliff","Lee On Solent",13
"2018 Apr to Jun","Beach/Cliff","Lydd",25
"2018 Apr to Jun","Beach/Cliff","Newquay",25
"2018 Apr to Jun","Beach/Cliff","Prestwick",15
"2018 Apr to Jun","Beach/Cliff","St Athan",31
"2018 Apr to Jun","Beach/Cliff","Stornoway",10
"2018 Apr to Jun","Beach/Cliff","Sumburgh",1
"2018 Apr to Jun","Mountain","Caernarfon",40
"2018 Apr to Jun","Mountain","Humberside",3
"2018 Apr to Jun","Mountain","Inverness",39
"2018 Apr to Jun","Mountain","Lee On Solent",0
"2018 Apr to Jun","Mountain","Lydd",0
"2018 Apr to Jun","Mountain","Newquay",2
"2018 Apr to Jun","Mountain","Prestwick",29
"2018 Apr to Jun","Mountain","St Athan",9
"2018 Apr to Jun","Mountain","Stornoway",12
"2018 Apr to Jun","Mountain","Sumburgh",0
"2018 Apr to Jun","Other","Caernarfon",23
"2018 Apr to Jun","Other","Humberside",26
"2018 Apr to Jun","Other","Inverness",30
"2018 Apr to Jun","Other","Lee On Solent",40
"2018 Apr to Jun","Other","Lydd",15
"2018 Apr to Jun","Other","Newquay",61
"2018 Apr to Jun","Other","Prestwick",31
"2018 Apr to Jun","Other","St Athan",19
"2018 Apr to Jun","Other","Stornoway",16
"2018 Apr to Jun","Other","Sumburgh",31
"2018 Apr to Jun","Vessel","Caernarfon",4
"2018 Apr to Jun","Vessel","Humberside",18
"2018 Apr to Jun","Vessel","Inverness",8
"2018 Apr to Jun","Vessel","Lee On Solent",21
"2018 Apr to Jun","Vessel","Lydd",7
"2018 Apr to Jun","Vessel","Newquay",16
"2018 Apr to Jun","Vessel","Prestwick",6
"2018 Apr to Jun","Vessel","St Athan",6
"2018 Apr to Jun","Vessel","Stornoway",8
"2018 Apr to Jun","Vessel","Sumburgh",9
"2018 Jul to Sep","Beach/Cliff","Caernarfon",21
"2018 Jul to Sep","Beach/Cliff","Humberside",24
"2018 Jul to Sep","Beach/Cliff","Inverness",9
"2018 Jul to Sep","Beach/Cliff","Lee On Solent",26
"2018 Jul to Sep","Beach/Cliff","Lydd",38
"2018 Jul to Sep","Beach/Cliff","Newquay",20
"2018 Jul to Sep","Beach/Cliff","Prestwick",13
"2018 Jul to Sep","Beach/Cliff","St Athan",25
"2018 Jul to Sep","Beach/Cliff","Stornoway",3
"2018 Jul to Sep","Beach/Cliff","Sumburgh",1
"2018 Jul to Sep","Mountain","Caernarfon",50
"2018 Jul to Sep","Mountain","Humberside",2
"2018 Jul to Sep","Mountain","Inverness",35
"2018 Jul to Sep","Mountain","Lee On Solent",0
"2018 Jul to Sep","Mountain","Lydd",0
"2018 Jul to Sep","Mountain","Newquay",0
"2018 Jul to Sep","Mountain","Prestwick",36
"2018 Jul to Sep","Mountain","St Athan",9
"2018 Jul to Sep","Mountain","Stornoway",10
"2018 Jul to Sep","Mountain","Sumburgh",0
"2018 Jul to Sep","Other","Caernarfon",30
"2018 Jul to Sep","Other","Humberside",33
"2018 Jul to Sep","Other","Inverness",33
"2018 Jul to Sep","Other","Lee On Solent",44
"2018 Jul to Sep","Other","Lydd",27
"2018 Jul to Sep","Other","Newquay",77
"2018 Jul to Sep","Other","Prestwick",49
"2018 Jul to Sep","Other","St Athan",32
"2018 Jul to Sep","Other","Stornoway",19
"2018 Jul to Sep","Other","Sumburgh",29
"2018 Jul to Sep","Vessel","Caernarfon",9
"2018 Jul to Sep","Vessel","Humberside",10
"2018 Jul to Sep","Vessel","Inverness",6
"2018 Jul to Sep","Vessel","Lee On Solent",19
"2018 Jul to Sep","Vessel","Lydd",13
"2018 Jul to Sep","Vessel","Newquay",14
"2018 Jul to Sep","Vessel","Prestwick",10
"2018 Jul to Sep","Vessel","St Athan",6
"2018 Jul to Sep","Vessel","Stornoway",9
"2018 Jul to Sep","Vessel","Sumburgh",7
"2018 Oct to Dec","Beach/Cliff","Caernarfon",4
"2018 Oct to Dec","Beach/Cliff","Humberside",8
"2018 Oct to Dec","Beach/Cliff","Inverness",4
"2018 Oct to Dec","Beach/Cliff","Lee On Solent",16
"2018 Oct to Dec","Beach/Cliff","Lydd",26
"2018 Oct to Dec","Beach/Cliff","Newquay",11
"2018 Oct to Dec","Beach/Cliff","Prestwick",5
"2018 Oct to Dec","Beach/Cliff","St Athan",20
"2018 Oct to Dec","Beach/Cliff","Stornoway",1
"2018 Oct to Dec","Beach/Cliff","Sumburgh",0
"2018 Oct to Dec","Mountain","Caernarfon",31
"2018 Oct to Dec","Mountain","Humberside",4
"2018 Oct to Dec","Mountain","Inverness",12
"2018 Oct to Dec","Mountain","Lee On Solent",0
"2018 Oct to Dec","Mountain","Lydd",0
"2018 Oct to Dec","Mountain","Newquay",0
"2018 Oct to Dec","Mountain","Prestwick",9
"2018 Oct to Dec","Mountain","St Athan",5
"2018 Oct to Dec","Mountain","Stornoway",7
"2018 Oct to Dec","Mountain","Sumburgh",0
"2018 Oct to Dec","Other","Caernarfon",15
"2018 Oct to Dec","Other","Humberside",34
"2018 Oct to Dec","Other","Inverness",23
"2018 Oct to Dec","Other","Lee On Solent",52
"2018 Oct to Dec","Other","Lydd",18
"2018 Oct to Dec","Other","Newquay",42
"2018 Oct to Dec","Other","Prestwick",47
"2018 Oct to Dec","Other","St Athan",25
"2018 Oct to Dec","Other","Stornoway",9
"2018 Oct to Dec","Other","Sumburgh",21
"2018 Oct to Dec","Vessel","Caernarfon",1
"2018 Oct to Dec","Vessel","Humberside",13
"2018 Oct to Dec","Vessel","Inverness",2
"2018 Oct to Dec","Vessel","Lee On Solent",7
"2018 Oct to Dec","Vessel","Lydd",13
"2018 Oct to Dec","Vessel","Newquay",9
"2018 Oct to Dec","Vessel","Prestwick",4
"2018 Oct to Dec","Vessel","St Athan",4
"2018 Oct to Dec","Vessel","Stornoway",2
"2018 Oct to Dec","Vessel","Sumburgh",11
"2019 Jan to Mar","Beach/Cliff","Caernarfon",10
"2019 Jan to Mar","Beach/Cliff","Humberside",8
"2019 Jan to Mar","Beach/Cliff","Inverness",3
"2019 Jan to Mar","Beach/Cliff","Lee On Solent",11
"2019 Jan to Mar","Beach/Cliff","Lydd",17
"2019 Jan to Mar","Beach/Cliff","Newquay",14
"2019 Jan to Mar","Beach/Cliff","Prestwick",6
"2019 Jan to Mar","Beach/Cliff","St Athan",12
"2019 Jan to Mar","Beach/Cliff","Stornoway",1
"2019 Jan to Mar","Beach/Cliff","Sumburgh",1
"2019 Jan to Mar","Mountain","Caernarfon",16
"2019 Jan to Mar","Mountain","Humberside",1
"2019 Jan to Mar","Mountain","Inverness",17
"2019 Jan to Mar","Mountain","Lee On Solent",0
"2019 Jan to Mar","Mountain","Lydd",0
"2019 Jan to Mar","Mountain","Newquay",0
"2019 Jan to Mar","Mountain","Prestwick",15
"2019 Jan to Mar","Mountain","St Athan",2
"2019 Jan to Mar","Mountain","Stornoway",6
"2019 Jan to Mar","Mountain","Sumburgh",0
"2019 Jan to Mar","Other","Caernarfon",19
"2019 Jan to Mar","Other","Humberside",16
"2019 Jan to Mar","Other","Inverness",25
"2019 Jan to Mar","Other","Lee On Solent",41
"2019 Jan to Mar","Other","Lydd",11
"2019 Jan to Mar","Other","Newquay",42
"2019 Jan to Mar","Other","Prestwick",39
"2019 Jan to Mar","Other","St Athan",18
"2019 Jan to Mar","Other","Stornoway",15
"2019 Jan to Mar","Other","Sumburgh",28
"2019 Jan to Mar","Vessel","Caernarfon",5
"2019 Jan to Mar","Vessel","Humberside",8
"2019 Jan to Mar","Vessel","Inverness",1
"2019 Jan to Mar","Vessel","Lee On Solent",6
"2019 Jan to Mar","Vessel","Lydd",4
"2019 Jan to Mar","Vessel","Newquay",8
"2019 Jan to Mar","Vessel","Prestwick",4
"2019 Jan to Mar","Vessel","St Athan",5
"2019 Jan to Mar","Vessel","Stornoway",3
"2019 Jan to Mar","Vessel","Sumburgh",4
"2019 Apr to Jun","Beach/Cliff","Caernarfon",13
"2019 Apr to Jun","Beach/Cliff","Humberside",12
"2019 Apr to Jun","Beach/Cliff","Inverness",4
"2019 Apr to Jun","Beach/Cliff","Lee On Solent",14
"2019 Apr to Jun","Beach/Cliff","Lydd",23
"2019 Apr to Jun","Beach/Cliff","Newquay",30
"2019 Apr to Jun","Beach/Cliff","Prestwick",12
"2019 Apr to Jun","Beach/Cliff","St Athan",38
"2019 Apr to Jun","Beach/Cliff","Stornoway",6
"2019 Apr to Jun","Beach/Cliff","Sumburgh",1
"2019 Apr to Jun","Mountain","Caernarfon",36
"2019 Apr to Jun","Mountain","Humberside",4
"2019 Apr to Jun","Mountain","Inverness",40
"2019 Apr to Jun","Mountain","Lee On Solent",0
"2019 Apr to Jun","Mountain","Lydd",1
"2019 Apr to Jun","Mountain","Newquay",0
"2019 Apr to Jun","Mountain","Prestwick",14
"2019 Apr to Jun","Mountain","St Athan",9
"2019 Apr to Jun","Mountain","Stornoway",15
"2019 Apr to Jun","Mountain","Sumburgh",0
"2019 Apr to Jun","Other","Caernarfon",19
"2019 Apr to Jun","Other","Humberside",28
"2019 Apr to Jun","Other","Inverness",28
"2019 Apr to Jun","Other","Lee On Solent",33
"2019 Apr to Jun","Other","Lydd",12
"2019 Apr to Jun","Other","Newquay",49
"2019 Apr to Jun","Other","Prestwick",45
"2019 Apr to Jun","Other","St Athan",18
"2019 Apr to Jun","Other","Stornoway",16
"2019 Apr to Jun","Other","Sumburgh",30
"2019 Apr to Jun","Vessel","Caernarfon",4
"2019 Apr to Jun","Vessel","Humberside",13
"2019 Apr to Jun","Vessel","Inverness",5
"2019 Apr to Jun","Vessel","Lee On Solent",10
"2019 Apr to Jun","Vessel","Lydd",10
"2019 Apr to Jun","Vessel","Newquay",20
"2019 Apr to Jun","Vessel","Prestwick",12
"2019 Apr to Jun","Vessel","St Athan",5
"2019 Apr to Jun","Vessel","Stornoway",8
"2019 Apr to Jun","Vessel","Sumburgh",15
"2019 Jul to Sep","Beach/Cliff","Caernarfon",15
"2019 Jul to Sep","Beach/Cliff","Humberside",19
"2019 Jul to Sep","Beach/Cliff","Inverness",14
"2019 Jul to Sep","Beach/Cliff","Lee On Solent",17
"2019 Jul to Sep","Beach/Cliff","Lydd",32
"2019 Jul to Sep","Beach/Cliff","Newquay",27
"2019 Jul to Sep","Beach/Cliff","Prestwick",22
"2019 Jul to Sep","Beach/Cliff","St Athan",42
"2019 Jul to Sep","Beach/Cliff","Stornoway",9
"2019 Jul to Sep","Beach/Cliff","Sumburgh",2
"2019 Jul to Sep","Mountain","Caernarfon",62
"2019 Jul to Sep","Mountain","Humberside",3
"2019 Jul to Sep","Mountain","Inverness",33
"2019 Jul to Sep","Mountain","Lee On Solent",0
"2019 Jul to Sep","Mountain","Lydd",0
"2019 Jul to Sep","Mountain","Newquay",0
"2019 Jul to Sep","Mountain","Prestwick",29
"2019 Jul to Sep","Mountain","St Athan",7
"2019 Jul to Sep","Mountain","Stornoway",12
"2019 Jul to Sep","Mountain","Sumburgh",0
"2019 Jul to Sep","Other","Caernarfon",18
"2019 Jul to Sep","Other","Humberside",23
"2019 Jul to Sep","Other","Inverness",30
"2019 Jul to Sep","Other","Lee On Solent",30
"2019 Jul to Sep","Other","Lydd",16
"2019 Jul to Sep","Other","Newquay",54
"2019 Jul to Sep","Other","Prestwick",46
"2019 Jul to Sep","Other","St Athan",29
"2019 Jul to Sep","Other","Stornoway",22
"2019 Jul to Sep","Other","Sumburgh",33
"2019 Jul to Sep","Vessel","Caernarfon",5
"2019 Jul to Sep","Vessel","Humberside",16
"2019 Jul to Sep","Vessel","Inverness",6
"2019 Jul to Sep","Vessel","Lee On Solent",19
"2019 Jul to Sep","Vessel","Lydd",22
"2019 Jul to Sep","Vessel","Newquay",17
"2019 Jul to Sep","Vessel","Prestwick",12
"2019 Jul to Sep","Vessel","St Athan",5
"2019 Jul to Sep","Vessel","Stornoway",6
"2019 Jul to Sep","Vessel","Sumburgh",10
"2019 Oct to Dec","Beach/Cliff","Caernarfon",8
"2019 Oct to Dec","Beach/Cliff","Humberside",9
"2019 Oct to Dec","Beach/Cliff","Inverness",3
"2019 Oct to Dec","Beach/Cliff","Lee On Solent",3
"2019 Oct to Dec","Beach/Cliff","Lydd",15
"2019 Oct to Dec","Beach/Cliff","Newquay",12
"2019 Oct to Dec","Beach/Cliff","Prestwick",5
"2019 Oct to Dec","Beach/Cliff","St Athan",16
"2019 Oct to Dec","Beach/Cliff","Stornoway",3
"2019 Oct to Dec","Beach/Cliff","Sumburgh",3
"2019 Oct to Dec","Mountain","Caernarfon",15
"2019 Oct to Dec","Mountain","Humberside",1
"2019 Oct to Dec","Mountain","Inverness",20
"2019 Oct to Dec","Mountain","Lee On Solent",0
"2019 Oct to Dec","Mountain","Lydd",0
"2019 Oct to Dec","Mountain","Newquay",0
"2019 Oct to Dec","Mountain","Prestwick",17
"2019 Oct to Dec","Mountain","St Athan",5
"2019 Oct to Dec","Mountain","Stornoway",8
"2019 Oct to Dec","Mountain","Sumburgh",0
"2019 Oct to Dec","Other","Caernarfon",19
"2019 Oct to Dec","Other","Humberside",22
"2019 Oct to Dec","Other","Inverness",23
"2019 Oct to Dec","Other","Lee On Solent",49
"2019 Oct to Dec","Other","Lydd",22
"2019 Oct to Dec","Other","Newquay",43
"2019 Oct to Dec","Other","Prestwick",48
"2019 Oct to Dec","Other","St Athan",23
"2019 Oct to Dec","Other","Stornoway",8
"2019 Oct to Dec","Other","Sumburgh",49
"2019 Oct to Dec","Vessel","Caernarfon",6
"2019 Oct to Dec","Vessel","Humberside",4
"2019 Oct to Dec","Vessel","Inverness",4
"2019 Oct to Dec","Vessel","Lee On Solent",8
"2019 Oct to Dec","Vessel","Lydd",4
"2019 Oct to Dec","Vessel","Newquay",8
"2019 Oct to Dec","Vessel","Prestwick",2
"2019 Oct to Dec","Vessel","St Athan",2
"2019 Oct to Dec","Vessel","Stornoway",0
"2019 Oct to Dec","Vessel","Sumburgh",20
"2020 Jan to Mar","Beach/Cliff","Caernarfon",6
"2020 Jan to Mar","Beach/Cliff","Humberside",10
"2020 Jan to Mar","Beach/Cliff","Inverness",3
"2020 Jan to Mar","Beach/Cliff","Lee On Solent",12
"2020 Jan to Mar","Beach/Cliff","Lydd",27
"2020 Jan to Mar","Beach/Cliff","Newquay",10
"2020 Jan to Mar","Beach/Cliff","Prestwick",9
"2020 Jan to Mar","Beach/Cliff","St Athan",17
"2020 Jan to Mar","Beach/Cliff","Stornoway",0
"2020 Jan to Mar","Beach/Cliff","Sumburgh",0
"2020 Jan to Mar","Mountain","Caernarfon",21
"2020 Jan to Mar","Mountain","Humberside",1
"2020 Jan to Mar","Mountain","Inverness",29
"2020 Jan to Mar","Mountain","Lee On Solent",0
"2020 Jan to Mar","Mountain","Lydd",0
"2020 Jan to Mar","Mountain","Newquay",0
"2020 Jan to Mar","Mountain","Prestwick",20
"2020 Jan to Mar","Mountain","St Athan",5
"2020 Jan to Mar","Mountain","Stornoway",3
"2020 Jan to Mar","Mountain","Sumburgh",0
"2020 Jan to Mar","Other","Caernarfon",13
"2020 Jan to Mar","Other","Humberside",13
"2020 Jan to Mar","Other","Inverness",22
"2020 Jan to Mar","Other","Lee On Solent",44
"2020 Jan to Mar","Other","Lydd",11
"2020 Jan to Mar","Other","Newquay",23
"2020 Jan to Mar","Other","Prestwick",44
"2020 Jan to Mar","Other","St Athan",24
"2020 Jan to Mar","Other","Stornoway",19
"2020 Jan to Mar","Other","Sumburgh",30
"2020 Jan to Mar","Vessel","Caernarfon",1
"2020 Jan to Mar","Vessel","Humberside",2
"2020 Jan to Mar","Vessel","Inverness",9
"2020 Jan to Mar","Vessel","Lee On Solent",5
"2020 Jan to Mar","Vessel","Lydd",9
"2020 Jan to Mar","Vessel","Newquay",5
"2020 Jan to Mar","Vessel","Prestwick",1
"2020 Jan to Mar","Vessel","St Athan",1
"2020 Jan to Mar","Vessel","Stornoway",5
"2020 Jan to Mar","Vessel","Sumburgh",3
"2020 Apr to Jun","Beach/Cliff","Caernarfon",13
"2020 Apr to Jun","Beach/Cliff","Humberside",14
"2020 Apr to Jun","Beach/Cliff","Inverness",6
"2020 Apr to Jun","Beach/Cliff","Lee On Solent",25
"2020 Apr to Jun","Beach/Cliff","Lydd",40
"2020 Apr to Jun","Beach/Cliff","Newquay",30
"2020 Apr to Jun","Beach/Cliff","Prestwick",17
"2020 Apr to Jun","Beach/Cliff","St Athan",25
"2020 Apr to Jun","Beach/Cliff","Stornoway",1
"2020 Apr to Jun","Beach/Cliff","Sumburgh",1
"2020 Apr to Jun","Mountain","Caernarfon",1
"2020 Apr to Jun","Mountain","Humberside",1
"2020 Apr to Jun","Mountain","Inverness",4
"2020 Apr to Jun","Mountain","Lee On Solent",0
"2020 Apr to Jun","Mountain","Lydd",0
"2020 Apr to Jun","Mountain","Newquay",0
"2020 Apr to Jun","Mountain","Prestwick",3
"2020 Apr to Jun","Mountain","St Athan",1
"2020 Apr to Jun","Mountain","Stornoway",0
"2020 Apr to Jun","Mountain","Sumburgh",0
"2020 Apr to Jun","Other","Caernarfon",11
"2020 Apr to Jun","Other","Humberside",17
"2020 Apr to Jun","Other","Inverness",8
"2020 Apr to Jun","Other","Lee On Solent",34
"2020 Apr to Jun","Other","Lydd",17
"2020 Apr to Jun","Other","Newquay",32
"2020 Apr to Jun","Other","Prestwick",36
"2020 Apr to Jun","Other","St Athan",14
"2020 Apr to Jun","Other","Stornoway",14
"2020 Apr to Jun","Other","Sumburgh",10
"2020 Apr to Jun","Vessel","Caernarfon",2
"2020 Apr to Jun","Vessel","Humberside",8
"2020 Apr to Jun","Vessel","Inverness",4
"2020 Apr to Jun","Vessel","Lee On Solent",13
"2020 Apr to Jun","Vessel","Lydd",17
"2020 Apr to Jun","Vessel","Newquay",7
"2020 Apr to Jun","Vessel","Prestwick",1
"2020 Apr to Jun","Vessel","St Athan",3
"2020 Apr to Jun","Vessel","Stornoway",3
"2020 Apr to Jun","Vessel","Sumburgh",6
"2020 Jul to Sep","Beach/Cliff","Caernarfon",23
"2020 Jul to Sep","Beach/Cliff","Humberside",23
"2020 Jul to Sep","Beach/Cliff","Inverness",12
"2020 Jul to Sep","Beach/Cliff","Lee On Solent",36
"2020 Jul to Sep","Beach/Cliff","Lydd",45
"2020 Jul to Sep","Beach/Cliff","Newquay",38
"2020 Jul to Sep","Beach/Cliff","Prestwick",27
"2020 Jul to Sep","Beach/Cliff","St Athan",50
"2020 Jul to Sep","Beach/Cliff","Stornoway",8
"2020 Jul to Sep","Beach/Cliff","Sumburgh",3
"2020 Jul to Sep","Mountain","Caernarfon",62
"2020 Jul to Sep","Mountain","Humberside",6
"2020 Jul to Sep","Mountain","Inverness",39
"2020 Jul to Sep","Mountain","Lee On Solent",1
"2020 Jul to Sep","Mountain","Lydd",0
"2020 Jul to Sep","Mountain","Newquay",0
"2020 Jul to Sep","Mountain","Prestwick",44
"2020 Jul to Sep","Mountain","St Athan",7
"2020 Jul to Sep","Mountain","Stornoway",18
"2020 Jul to Sep","Mountain","Sumburgh",0
"2020 Jul to Sep","Other","Caernarfon",29
"2020 Jul to Sep","Other","Humberside",25
"2020 Jul to Sep","Other","Inverness",37
"2020 Jul to Sep","Other","Lee On Solent",41
"2020 Jul to Sep","Other","Lydd",21
"2020 Jul to Sep","Other","Newquay",41
"2020 Jul to Sep","Other","Prestwick",69
"2020 Jul to Sep","Other","St Athan",36
"2020 Jul to Sep","Other","Stornoway",27
"2020 Jul to Sep","Other","Sumburgh",32
"2020 Jul to Sep","Vessel","Caernarfon",6
"2020 Jul to Sep","Vessel","Humberside",14
"2020 Jul to Sep","Vessel","Inverness",11
"2020 Jul to Sep","Vessel","Lee On Solent",15
"2020 Jul to Sep","Vessel","Lydd",8
"2020 Jul to Sep","Vessel","Newquay",8
"2020 Jul to Sep","Vessel","Prestwick",3
"2020 Jul to Sep","Vessel","St Athan",6
"2020 Jul to Sep","Vessel","Stornoway",7
"2020 Jul to Sep","Vessel","Sumburgh",5
"2020 Oct to Dec","Beach/Cliff","Caernarfon",8
"2020 Oct to Dec","Beach/Cliff","Humberside",13
"2020 Oct to Dec","Beach/Cliff","Inverness",4
"2020 Oct to Dec","Beach/Cliff","Lee On Solent",11
"2020 Oct to Dec","Beach/Cliff","Lydd",15
"2020 Oct to Dec","Beach/Cliff","Newquay",17
"2020 Oct to Dec","Beach/Cliff","Prestwick",11
"2020 Oct to Dec","Beach/Cliff","St Athan",16
"2020 Oct to Dec","Beach/Cliff","Stornoway",2
"2020 Oct to Dec","Beach/Cliff","Sumburgh",0
"2020 Oct to Dec","Mountain","Caernarfon",14
"2020 Oct to Dec","Mountain","Humberside",4
"2020 Oct to Dec","Mountain","Inverness",20
"2020 Oct to Dec","Mountain","Lee On Solent",0
"2020 Oct to Dec","Mountain","Lydd",0
"2020 Oct to Dec","Mountain","Newquay",0
"2020 Oct to Dec","Mountain","Prestwick",18
"2020 Oct to Dec","Mountain","St Athan",4
"2020 Oct to Dec","Mountain","Stornoway",3
"2020 Oct to Dec","Mountain","Sumburgh",0
"2020 Oct to Dec","Other","Caernarfon",14
"2020 Oct to Dec","Other","Humberside",11
"2020 Oct to Dec","Other","Inverness",17
"2020 Oct to Dec","Other","Lee On Solent",28
"2020 Oct to Dec","Other","Lydd",15
"2020 Oct to Dec","Other","Newquay",31
"2020 Oct to Dec","Other","Prestwick",36
"2020 Oct to Dec","Other","St Athan",19
"2020 Oct to Dec","Other","Stornoway",21
"2020 Oct to Dec","Other","Sumburgh",26
"2020 Oct to Dec","Vessel","Caernarfon",2
"2020 Oct to Dec","Vessel","Humberside",10
"2020 Oct to Dec","Vessel","Inverness",7
"2020 Oct to Dec","Vessel","Lee On Solent",11
"2020 Oct to Dec","Vessel","Lydd",8
"2020 Oct to Dec","Vessel","Newquay",5
"2020 Oct to Dec","Vessel","Prestwick",5
"2020 Oct to Dec","Vessel","St Athan",3
"2020 Oct to Dec","Vessel","Stornoway",2
"2020 Oct to Dec","Vessel","Sumburgh",4
"2021 Jan to Mar","Beach/Cliff","Caernarfon",9
"2021 Jan to Mar","Beach/Cliff","Humberside",7
"2021 Jan to Mar","Beach/Cliff","Inverness",3
"2021 Jan to Mar","Beach/Cliff","Lee On Solent",9
"2021 Jan to Mar","Beach/Cliff","Lydd",12
"2021 Jan to Mar","Beach/Cliff","Newquay",12
"2021 Jan to Mar","Beach/Cliff","Prestwick",9
"2021 Jan to Mar","Beach/Cliff","St Athan",21
"2021 Jan to Mar","Beach/Cliff","Stornoway",3
"2021 Jan to Mar","Beach/Cliff","Sumburgh",0
"2021 Jan to Mar","Mountain","Caernarfon",5
"2021 Jan to Mar","Mountain","Humberside",1
"2021 Jan to Mar","Mountain","Inverness",11
"2021 Jan to Mar","Mountain","Lee On Solent",0
"2021 Jan to Mar","Mountain","Lydd",0
"2021 Jan to Mar","Mountain","Newquay",1
"2021 Jan to Mar","Mountain","Prestwick",12
"2021 Jan to Mar","Mountain","St Athan",4
"2021 Jan to Mar","Mountain","Stornoway",2
"2021 Jan to Mar","Mountain","Sumburgh",0
"2021 Jan to Mar","Other","Caernarfon",15
"2021 Jan to Mar","Other","Humberside",19
"2021 Jan to Mar","Other","Inverness",20
"2021 Jan to Mar","Other","Lee On Solent",27
"2021 Jan to Mar","Other","Lydd",19
"2021 Jan to Mar","Other","Newquay",28
"2021 Jan to Mar","Other","Prestwick",56
"2021 Jan to Mar","Other","St Athan",20
"2021 Jan to Mar","Other","Stornoway",25
"2021 Jan to Mar","Other","Sumburgh",29
"2021 Jan to Mar","Vessel","Caernarfon",4
"2021 Jan to Mar","Vessel","Humberside",5
"2021 Jan to Mar","Vessel","Inverness",4
"2021 Jan to Mar","Vessel","Lee On Solent",1
"2021 Jan to Mar","Vessel","Lydd",3
"2021 Jan to Mar","Vessel","Newquay",5
"2021 Jan to Mar","Vessel","Prestwick",3
"2021 Jan to Mar","Vessel","St Athan",2
"2021 Jan to Mar","Vessel","Stornoway",3
"2021 Jan to Mar","Vessel","Sumburgh",12
"2021 Apr to Jun","Beach/Cliff","Caernarfon",16
"2021 Apr to Jun","Beach/Cliff","Humberside",11
"2021 Apr to Jun","Beach/Cliff","Inverness",9
"2021 Apr to Jun","Beach/Cliff","Lee On Solent",24
"2021 Apr to Jun","Beach/Cliff","Lydd",30
"2021 Apr to Jun","Beach/Cliff","Newquay",22
"2021 Apr to Jun","Beach/Cliff","Prestwick",18
"2021 Apr to Jun","Beach/Cliff","St Athan",31
"2021 Apr to Jun","Beach/Cliff","Stornoway",5
"2021 Apr to Jun","Beach/Cliff","Sumburgh",1
"2021 Apr to Jun","Mountain","Caernarfon",39
"2021 Apr to Jun","Mountain","Humberside",2
"2021 Apr to Jun","Mountain","Inverness",35
"2021 Apr to Jun","Mountain","Lee On Solent",0
"2021 Apr to Jun","Mountain","Lydd",0
"2021 Apr to Jun","Mountain","Newquay",1
"2021 Apr to Jun","Mountain","Prestwick",30
"2021 Apr to Jun","Mountain","St Athan",10
"2021 Apr to Jun","Mountain","Stornoway",8
"2021 Apr to Jun","Mountain","Sumburgh",0
"2021 Apr to Jun","Other","Caernarfon",18
"2021 Apr to Jun","Other","Humberside",15
"2021 Apr to Jun","Other","Inverness",37
"2021 Apr to Jun","Other","Lee On Solent",30
"2021 Apr to Jun","Other","Lydd",16
"2021 Apr to Jun","Other","Newquay",32
"2021 Apr to Jun","Other","Prestwick",46
"2021 Apr to Jun","Other","St Athan",29
"2021 Apr to Jun","Other","Stornoway",18
"2021 Apr to Jun","Other","Sumburgh",32
"2021 Apr to Jun","Vessel","Caernarfon",6
"2021 Apr to Jun","Vessel","Humberside",12
"2021 Apr to Jun","Vessel","Inverness",5
"2021 Apr to Jun","Vessel","Lee On Solent",13
"2021 Apr to Jun","Vessel","Lydd",8
"2021 Apr to Jun","Vessel","Newquay",14
"2021 Apr to Jun","Vessel","Prestwick",10
"2021 Apr to Jun","Vessel","St Athan",8
"2021 Apr to Jun","Vessel","Stornoway",8
"2021 Apr to Jun","Vessel","Sumburgh",16
"2021 Jul to Sep","Beach/Cliff","Caernarfon",30
"2021 Jul to Sep","Beach/Cliff","Humberside",20
"2021 Jul to Sep","Beach/Cliff","Inverness",21
"2021 Jul to Sep","Beach/Cliff","Lee On Solent",34
"2021 Jul to Sep","Beach/Cliff","Lydd",50
"2021 Jul to Sep","Beach/Cliff","Newquay",36
"2021 Jul to Sep","Beach/Cliff","Prestwick",30
"2021 Jul to Sep","Beach/Cliff","St Athan",37
"2021 Jul to Sep","Beach/Cliff","Stornoway",12
"2021 Jul to Sep","Beach/Cliff","Sumburgh",1
"2021 Jul to Sep","Mountain","Caernarfon",77
"2021 Jul to Sep","Mountain","Humberside",3
"2021 Jul to Sep","Mountain","Inverness",74
"2021 Jul to Sep","Mountain","Lee On Solent",0
"2021 Jul to Sep","Mountain","Lydd",0
"2021 Jul to Sep","Mountain","Newquay",1
"2021 Jul to Sep","Mountain","Prestwick",44
"2021 Jul to Sep","Mountain","St Athan",13
"2021 Jul to Sep","Mountain","Stornoway",15
"2021 Jul to Sep","Mountain","Sumburgh",0
"2021 Jul to Sep","Other","Caernarfon",28
"2021 Jul to Sep","Other","Humberside",27
"2021 Jul to Sep","Other","Inverness",38
"2021 Jul to Sep","Other","Lee On Solent",31
"2021 Jul to Sep","Other","Lydd",32
"2021 Jul to Sep","Other","Newquay",44
"2021 Jul to Sep","Other","Prestwick",80
"2021 Jul to Sep","Other","St Athan",20
"2021 Jul to Sep","Other","Stornoway",26
"2021 Jul to Sep","Other","Sumburgh",45
"2021 Jul to Sep","Vessel","Caernarfon",6
"2021 Jul to Sep","Vessel","Humberside",11
"2021 Jul to Sep","Vessel","Inverness",2
"2021 Jul to Sep","Vessel","Lee On Solent",24
"2021 Jul to Sep","Vessel","Lydd",16
"2021 Jul to Sep","Vessel","Newquay",23
"2021 Jul to Sep","Vessel","Prestwick",10
"2021 Jul to Sep","Vessel","St Athan",9
"2021 Jul to Sep","Vessel","Stornoway",2
"2021 Jul to Sep","Vessel","Sumburgh",6
"2021 Oct to Dec","Beach/Cliff","Caernarfon",9
"2021 Oct to Dec","Beach/Cliff","Humberside",7
"2021 Oct to Dec","Beach/Cliff","Inverness",10
"2021 Oct to Dec","Beach/Cliff","Lee On Solent",14
"2021 Oct to Dec","Beach/Cliff","Lydd",17
"2021 Oct to Dec","Beach/Cliff","Newquay",16
"2021 Oct to Dec","Beach/Cliff","Prestwick",15
"2021 Oct to Dec","Beach/Cliff","St Athan",11
"2021 Oct to Dec","Beach/Cliff","Stornoway",2
"2021 Oct to Dec","Beach/Cliff","Sumburgh",1
"2021 Oct to Dec","Mountain","Caernarfon",28
"2021 Oct to Dec","Mountain","Humberside",6
"2021 Oct to Dec","Mountain","Inverness",20
"2021 Oct to Dec","Mountain","Lee On Solent",0
"2021 Oct to Dec","Mountain","Lydd",0
"2021 Oct to Dec","Mountain","Newquay",0
"2021 Oct to Dec","Mountain","Prestwick",13
"2021 Oct to Dec","Mountain","St Athan",2
"2021 Oct to Dec","Mountain","Stornoway",1
"2021 Oct to Dec","Mountain","Sumburgh",0
"2021 Oct to Dec","Other","Caernarfon",15
"2021 Oct to Dec","Other","Humberside",28
"2021 Oct to Dec","Other","Inverness",26
"2021 Oct to Dec","Other","Lee On Solent",40
"2021 Oct to Dec","Other","Lydd",31
"2021 Oct to Dec","Other","Newquay",42
"2021 Oct to Dec","Other","Prestwick",74
"2021 Oct to Dec","Other","St Athan",24
"2021 Oct to Dec","Other","Stornoway",27
"2021 Oct to Dec","Other","Sumburgh",32
"2021 Oct to Dec","Vessel","Caernarfon",5
"2021 Oct to Dec","Vessel","Humberside",10
"2021 Oct to Dec","Vessel","Inverness",5
"2021 Oct to Dec","Vessel","Lee On Solent",6
"2021 Oct to Dec","Vessel","Lydd",12
"2021 Oct to Dec","Vessel","Newquay",6
"2021 Oct to Dec","Vessel","Prestwick",1
"2021 Oct to Dec","Vessel","St Athan",2
"2021 Oct to Dec","Vessel","Stornoway",1
"2021 Oct to Dec","Vessel","Sumburgh",2
"2022 Jan to Mar","Beach/Cliff","Caernarfon",13
"2022 Jan to Mar","Beach/Cliff","Humberside",7
"2022 Jan to Mar","Beach/Cliff","Inverness",7
"2022 Jan to Mar","Beach/Cliff","Lee On Solent",16
"2022 Jan to Mar","Beach/Cliff","Lydd",16
"2022 Jan to Mar","Beach/Cliff","Newquay",15
"2022 Jan to Mar","Beach/Cliff","Prestwick",7
"2022 Jan to Mar","Beach/Cliff","St Athan",22
"2022 Jan to Mar","Beach/Cliff","Stornoway",3
"2022 Jan to Mar","Beach/Cliff","Sumburgh",0
"2022 Jan to Mar","Mountain","Caernarfon",29
"2022 Jan to Mar","Mountain","Humberside",3
"2022 Jan to Mar","Mountain","Inverness",36
"2022 Jan to Mar","Mountain","Lee On Solent",0
"2022 Jan to Mar","Mountain","Lydd",0
"2022 Jan to Mar","Mountain","Newquay",0
"2022 Jan to Mar","Mountain","Prestwick",27
"2022 Jan to Mar","Mountain","St Athan",12
"2022 Jan to Mar","Mountain","Stornoway",4
"2022 Jan to Mar","Mountain","Sumburgh",0
"2022 Jan to Mar","Other","Caernarfon",17
"2022 Jan to Mar","Other","Humberside",23
"2022 Jan to Mar","Other","Inverness",38
"2022 Jan to Mar","Other","Lee On Solent",25
"2022 Jan to Mar","Other","Lydd",21
"2022 Jan to Mar","Other","Newquay",36
"2022 Jan to Mar","Other","Prestwick",55
"2022 Jan to Mar","Other","St Athan",20
"2022 Jan to Mar","Other","Stornoway",24
"2022 Jan to Mar","Other","Sumburgh",30
"2022 Jan to Mar","Vessel","Caernarfon",1
"2022 Jan to Mar","Vessel","Humberside",11
"2022 Jan to Mar","Vessel","Inverness",3
"2022 Jan to Mar","Vessel","Lee On Solent",3
"2022 Jan to Mar","Vessel","Lydd",3
"2022 Jan to Mar","Vessel","Newquay",6
"2022 Jan to Mar","Vessel","Prestwick",3
"2022 Jan to Mar","Vessel","St Athan",0
"2022 Jan to Mar","Vessel","Stornoway",3
"2022 Jan to Mar","Vessel","Sumburgh",4
"2022 Apr to Jun","Beach/Cliff","Caernarfon",23
"2022 Apr to Jun","Beach/Cliff","Humberside",9
"2022 Apr to Jun","Beach/Cliff","Inverness",9
"2022 Apr to Jun","Beach/Cliff","Lee On Solent",25
"2022 Apr to Jun","Beach/Cliff","Lydd",30
"2022 Apr to Jun","Beach/Cliff","Newquay",23
"2022 Apr to Jun","Beach/Cliff","Prestwick",19
"2022 Apr to Jun","Beach/Cliff","St Athan",34
"2022 Apr to Jun","Beach/Cliff","Stornoway",8
"2022 Apr to Jun","Beach/Cliff","Sumburgh",4
"2022 Apr to Jun","Mountain","Caernarfon",37
"2022 Apr to Jun","Mountain","Humberside",2
"2022 Apr to Jun","Mountain","Inverness",42
"2022 Apr to Jun","Mountain","Lee On Solent",0
"2022 Apr to Jun","Mountain","Lydd",0
"2022 Apr to Jun","Mountain","Newquay",0
"2022 Apr to Jun","Mountain","Prestwick",27
"2022 Apr to Jun","Mountain","St Athan",3
"2022 Apr to Jun","Mountain","Stornoway",14
"2022 Apr to Jun","Mountain","Sumburgh",0
"2022 Apr to Jun","Other","Caernarfon",18
"2022 Apr to Jun","Other","Humberside",17
"2022 Apr to Jun","Other","Inverness",39
"2022 Apr to Jun","Other","Lee On Solent",29
"2022 Apr to Jun","Other","Lydd",22
"2022 Apr to Jun","Other","Newquay",48
"2022 Apr to Jun","Other","Prestwick",55
"2022 Apr to Jun","Other","St Athan",26
"2022 Apr to Jun","Other","Stornoway",32
"2022 Apr to Jun","Other","Sumburgh",44
"2022 Apr to Jun","Vessel","Caernarfon",11
"2022 Apr to Jun","Vessel","Humberside",14
"2022 Apr to Jun","Vessel","Inverness",9
"2022 Apr to Jun","Vessel","Lee On Solent",10
"2022 Apr to Jun","Vessel","Lydd",11
"2022 Apr to Jun","Vessel","Newquay",15
"2022 Apr to Jun","Vessel","Prestwick",11
"2022 Apr to Jun","Vessel","St Athan",8
"2022 Apr to Jun","Vessel","Stornoway",10
"2022 Apr to Jun","Vessel","Sumburgh",15
"2022 Jul to Sep","Beach/Cliff","Caernarfon",33
"2022 Jul to Sep","Beach/Cliff","Humberside",20
"2022 Jul to Sep","Beach/Cliff","Inverness",14
"2022 Jul to Sep","Beach/Cliff","Lee On Solent",30
"2022 Jul to Sep","Beach/Cliff","Lydd",43
"2022 Jul to Sep","Beach/Cliff","Newquay",26
"2022 Jul to Sep","Beach/Cliff","Prestwick",28
"2022 Jul to Sep","Beach/Cliff","St Athan",47
"2022 Jul to Sep","Beach/Cliff","Stornoway",11
"2022 Jul to Sep","Beach/Cliff","Sumburgh",1
"2022 Jul to Sep","Mountain","Caernarfon",54
"2022 Jul to Sep","Mountain","Humberside",1
"2022 Jul to Sep","Mountain","Inverness",43
"2022 Jul to Sep","Mountain","Lee On Solent",0
"2022 Jul to Sep","Mountain","Lydd",0
"2022 Jul to Sep","Mountain","Newquay",0
"2022 Jul to Sep","Mountain","Prestwick",27
"2022 Jul to Sep","Mountain","St Athan",5
"2022 Jul to Sep","Mountain","Stornoway",7
"2022 Jul to Sep","Mountain","Sumburgh",0
"2022 Jul to Sep","Other","Caernarfon",31
"2022 Jul to Sep","Other","Humberside",31
"2022 Jul to Sep","Other","Inverness",37
"2022 Jul to Sep","Other","Lee On Solent",36
"2022 Jul to Sep","Other","Lydd",23
"2022 Jul to Sep","Other","Newquay",31
"2022 Jul to Sep","Other","Prestwick",55
"2022 Jul to Sep","Other","St Athan",27
"2022 Jul to Sep","Other","Stornoway",28
"2022 Jul to Sep","Other","Sumburgh",45
"2022 Jul to Sep","Vessel","Caernarfon",10
"2022 Jul to Sep","Vessel","Humberside",17
"2022 Jul to Sep","Vessel","Inverness",2
"2022 Jul to Sep","Vessel","Lee On Solent",9
"2022 Jul to Sep","Vessel","Lydd",17
"2022 Jul to Sep","Vessel","Newquay",20
"2022 Jul to Sep","Vessel","Prestwick",15
"2022 Jul to Sep","Vessel","St Athan",4
"2022 Jul to Sep","Vessel","Stornoway",9
"2022 Jul to Sep","Vessel","Sumburgh",8
"2022 Oct to Dec","Beach/Cliff","Caernarfon",5
"2022 Oct to Dec","Beach/Cliff","Humberside",11
"2022 Oct to Dec","Beach/Cliff","Inverness",2
"2022 Oct to Dec","Beach/Cliff","Lee On Solent",15
"2022 Oct to Dec","Beach/Cliff","Lydd",23
"2022 Oct to Dec","Beach/Cliff","Newquay",13
"2022 Oct to Dec","Beach/Cliff","Prestwick",5
"2022 Oct to Dec","Beach/Cliff","St Athan",14
"2022 Oct to Dec","Beach/Cliff","Stornoway",3
"2022 Oct to Dec","Beach/Cliff","Sumburgh",2
"2022 Oct to Dec","Mountain","Caernarfon",23
"2022 Oct to Dec","Mountain","Humberside",1
"2022 Oct to Dec","Mountain","Inverness",14
"2022 Oct to Dec","Mountain","Lee On Solent",0
"2022 Oct to Dec","Mountain","Lydd",0
"2022 Oct to Dec","Mountain","Newquay",0
"2022 Oct to Dec","Mountain","Prestwick",13
"2022 Oct to Dec","Mountain","St Athan",5
"2022 Oct to Dec","Mountain","Stornoway",2
"2022 Oct to Dec","Mountain","Sumburgh",0
"2022 Oct to Dec","Other","Caernarfon",28
"2022 Oct to Dec","Other","Humberside",19
"2022 Oct to Dec","Other","Inverness",38
"2022 Oct to Dec","Other","Lee On Solent",21
"2022 Oct to Dec","Other","Lydd",25
"2022 Oct to Dec","Other","Newquay",27
"2022 Oct to Dec","Other","Prestwick",52
"2022 Oct to Dec","Other","St Athan",20
"2022 Oct to Dec","Other","Stornoway",34
"2022 Oct to Dec","Other","Sumburgh",50
"2022 Oct to Dec","Vessel","Caernarfon",6
"2022 Oct to Dec","Vessel","Humberside",13
"2022 Oct to Dec","Vessel","Inverness",1
"2022 Oct to Dec","Vessel","Lee On Solent",6
"2022 Oct to Dec","Vessel","Lydd",8
"2022 Oct to Dec","Vessel","Newquay",7
"2022 Oct to Dec","Vessel","Prestwick",4
"2022 Oct to Dec","Vessel","St Athan",1
"2022 Oct to Dec","Vessel","Stornoway",3
"2022 Oct to Dec","Vessel","Sumburgh",8
"2023 Jan to Mar","Beach/Cliff","Caernarfon",7
"2023 Jan to Mar","Beach/Cliff","Humberside",6
"2023 Jan to Mar","Beach/Cliff","Inverness",4
"2023 Jan to Mar","Beach/Cliff","Lee On Solent",8
"2023 Jan to Mar","Beach/Cliff","Lydd",21
"2023 Jan to Mar","Beach/Cliff","Newquay",11
"2023 Jan to Mar","Beach/Cliff","Prestwick",9
"2023 Jan to Mar","Beach/Cliff","St Athan",13
"2023 Jan to Mar","Beach/Cliff","Stornoway",0
"2023 Jan to Mar","Beach/Cliff","Sumburgh",1
"2023 Jan to Mar","Mountain","Caernarfon",29
"2023 Jan to Mar","Mountain","Humberside",0
"2023 Jan to Mar","Mountain","Inverness",33
"2023 Jan to Mar","Mountain","Lee On Solent",0
"2023 Jan to Mar","Mountain","Lydd",0
"2023 Jan to Mar","Mountain","Newquay",0
"2023 Jan to Mar","Mountain","Prestwick",24
"2023 Jan to Mar","Mountain","St Athan",4
"2023 Jan to Mar","Mountain","Stornoway",7
"2023 Jan to Mar","Mountain","Sumburgh",0
"2023 Jan to Mar","Other","Caernarfon",18
"2023 Jan to Mar","Other","Humberside",18
"2023 Jan to Mar","Other","Inverness",24
"2023 Jan to Mar","Other","Lee On Solent",21
"2023 Jan to Mar","Other","Lydd",10
"2023 Jan to Mar","Other","Newquay",20
"2023 Jan to Mar","Other","Prestwick",51
"2023 Jan to Mar","Other","St Athan",14
"2023 Jan to Mar","Other","Stornoway",22
"2023 Jan to Mar","Other","Sumburgh",54
"2023 Jan to Mar","Vessel","Caernarfon",4
"2023 Jan to Mar","Vessel","Humberside",5
"2023 Jan to Mar","Vessel","Inverness",1
"2023 Jan to Mar","Vessel","Lee On Solent",4
"2023 Jan to Mar","Vessel","Lydd",0
"2023 Jan to Mar","Vessel","Newquay",8
"2023 Jan to Mar","Vessel","Prestwick",1
"2023 Jan to Mar","Vessel","St Athan",1
"2023 Jan to Mar","Vessel","Stornoway",2
"2023 Jan to Mar","Vessel","Sumburgh",5
"2023 Apr to Jun","Beach/Cliff","Caernarfon",9
"2023 Apr to Jun","Beach/Cliff","Humberside",11
"2023 Apr to Jun","Beach/Cliff","Inverness",19
"2023 Apr to Jun","Beach/Cliff","Lee On Solent",27
"2023 Apr to Jun","Beach/Cliff","Lydd",37
"2023 Apr to Jun","Beach/Cliff","Newquay",19
"2023 Apr to Jun","Beach/Cliff","Prestwick",11
"2023 Apr to Jun","Beach/Cliff","St Athan",29
"2023 Apr to Jun","Beach/Cliff","Stornoway",7
"2023 Apr to Jun","Beach/Cliff","Sumburgh",2
"2023 Apr to Jun","Mountain","Caernarfon",48
"2023 Apr to Jun","Mountain","Humberside",5
"2023 Apr to Jun","Mountain","Inverness",31
"2023 Apr to Jun","Mountain","Lee On Solent",0
"2023 Apr to Jun","Mountain","Lydd",0
"2023 Apr to Jun","Mountain","Newquay",0
"2023 Apr to Jun","Mountain","Prestwick",36
"2023 Apr to Jun","Mountain","St Athan",12
"2023 Apr to Jun","Mountain","Stornoway",12
"2023 Apr to Jun","Mountain","Sumburgh",0
"2023 Apr to Jun","Other","Caernarfon",28
"2023 Apr to Jun","Other","Humberside",26
"2023 Apr to Jun","Other","Inverness",35
"2023 Apr to Jun","Other","Lee On Solent",23
"2023 Apr to Jun","Other","Lydd",23
"2023 Apr to Jun","Other","Newquay",43
"2023 Apr to Jun","Other","Prestwick",55
"2023 Apr to Jun","Other","St Athan",36
"2023 Apr to Jun","Other","Stornoway",16
"2023 Apr to Jun","Other","Sumburgh",38
"2023 Apr to Jun","Vessel","Caernarfon",3
"2023 Apr to Jun","Vessel","Humberside",5
"2023 Apr to Jun","Vessel","Inverness",7
"2023 Apr to Jun","Vessel","Lee On Solent",7
"2023 Apr to Jun","Vessel","Lydd",11
"2023 Apr to Jun","Vessel","Newquay",12
"2023 Apr to Jun","Vessel","Prestwick",5
"2023 Apr to Jun","Vessel","St Athan",4
"2023 Apr to Jun","Vessel","Stornoway",7
"2023 Apr to Jun","Vessel","Sumburgh",7
"2023 Jul to Sep","Beach/Cliff","Caernarfon",33
"2023 Jul to Sep","Beach/Cliff","Humberside",16
"2023 Jul to Sep","Beach/Cliff","Inverness",19
"2023 Jul to Sep","Beach/Cliff","Lee On Solent",31
"2023 Jul to Sep","Beach/Cliff","Lydd",41
"2023 Jul to Sep","Beach/Cliff","Newquay",36
"2023 Jul to Sep","Beach/Cliff","Prestwick",15
"2023 Jul to Sep","Beach/Cliff","St Athan",44
"2023 Jul to Sep","Beach/Cliff","Stornoway",7
"2023 Jul to Sep","Beach/Cliff","Sumburgh",2
"2023 Jul to Sep","Mountain","Caernarfon",52
"2023 Jul to Sep","Mountain","Humberside",5
"2023 Jul to Sep","Mountain","Inverness",39
"2023 Jul to Sep","Mountain","Lee On Solent",0
"2023 Jul to Sep","Mountain","Lydd",0
"2023 Jul to Sep","Mountain","Newquay",0
"2023 Jul to Sep","Mountain","Prestwick",25
"2023 Jul to Sep","Mountain","St Athan",7
"2023 Jul to Sep","Mountain","Stornoway",13
"2023 Jul to Sep","Mountain","Sumburgh",0
"2023 Jul to Sep","Other","Caernarfon",18
"2023 Jul to Sep","Other","Humberside",32
"2023 Jul to Sep","Other","Inverness",31
"2023 Jul to Sep","Other","Lee On Solent",29
"2023 Jul to Sep","Other","Lydd",25
"2023 Jul to Sep","Other","Newquay",50
"2023 Jul to Sep","Other","Prestwick",56
"2023 Jul to Sep","Other","St Athan",30
"2023 Jul to Sep","Other","Stornoway",26
"2023 Jul to Sep","Other","Sumburgh",46
"2023 Jul to Sep","Vessel","Caernarfon",9
"2023 Jul to Sep","Vessel","Humberside",12
"2023 Jul to Sep","Vessel","Inverness",7
"2023 Jul to Sep","Vessel","Lee On Solent",25
"2023 Jul to Sep","Vessel","Lydd",12
"2023 Jul to Sep","Vessel","Newquay",23
"2023 Jul to Sep","Vessel","Prestwick",15
"2023 Jul to Sep","Vessel","St Athan",11
"2023 Jul to Sep","Vessel","Stornoway",11
"2023 Jul to Sep","Vessel","Sumburgh",10
"2023 Oct to Dec","Beach/Cliff","Caernarfon",8
"2023 Oct to Dec","Beach/Cliff","Humberside",10
"2023 Oct to Dec","Beach/Cliff","Inverness",3
"2023 Oct to Dec","Beach/Cliff","Lee On Solent",15
"2023 Oct to Dec","Beach/Cliff","Lydd",28
"2023 Oct to Dec","Beach/Cliff","Newquay",10
"2023 Oct to Dec","Beach/Cliff","Prestwick",13
"2023 Oct to Dec","Beach/Cliff","St Athan",25
"2023 Oct to Dec","Beach/Cliff","Stornoway",2
"2023 Oct to Dec","Beach/Cliff","Sumburgh",0
"2023 Oct to Dec","Mountain","Caernarfon",31
"2023 Oct to Dec","Mountain","Humberside",2
"2023 Oct to Dec","Mountain","Inverness",12
"2023 Oct to Dec","Mountain","Lee On Solent",0
"2023 Oct to Dec","Mountain","Lydd",0
"2023 Oct to Dec","Mountain","Newquay",0
"2023 Oct to Dec","Mountain","Prestwick",16
"2023 Oct to Dec","Mountain","St Athan",4
"2023 Oct to Dec","Mountain","Stornoway",4
"2023 Oct to Dec","Mountain","Sumburgh",0
"2023 Oct to Dec","Other","Caernarfon",17
"2023 Oct to Dec","Other","Humberside",20
"2023 Oct to Dec","Other","Inverness",42
"2023 Oct to Dec","Other","Lee On Solent",29
"2023 Oct to Dec","Other","Lydd",18
"2023 Oct to Dec","Other","Newquay",33
"2023 Oct to Dec","Other","Prestwick",63
"2023 Oct to Dec","Other","St Athan",22
"2023 Oct to Dec","Other","Stornoway",33
"2023 Oct to Dec","Other","Sumburgh",41
"2023 Oct to Dec","Vessel","Caernarfon",4
"2023 Oct to Dec","Vessel","Humberside",7
"2023 Oct to Dec","Vessel","Inverness",4
"2023 Oct to Dec","Vessel","Lee On Solent",7
"2023 Oct to Dec","Vessel","Lydd",4
"2023 Oct to Dec","Vessel","Newquay",10
"2023 Oct to Dec","Vessel","Prestwick",5
"2023 Oct to Dec","Vessel","St Athan",2
"2023 Oct to Dec","Vessel","Stornoway",3
"2023 Oct to Dec","Vessel","Sumburgh",12
"2024 Jan to Mar","Beach/Cliff","Caernarfon",13
"2024 Jan to Mar","Beach/Cliff","Humberside",12
"2024 Jan to Mar","Beach/Cliff","Inverness",8
"2024 Jan to Mar","Beach/Cliff","Lee On Solent",18
"2024 Jan to Mar","Beach/Cliff","Lydd",27
"2024 Jan to Mar","Beach/Cliff","Newquay",17
"2024 Jan to Mar","Beach/Cliff","Prestwick",8
"2024 Jan to Mar","Beach/Cliff","St Athan",23
"2024 Jan to Mar","Beach/Cliff","Stornoway",3
"2024 Jan to Mar","Beach/Cliff","Sumburgh",3
"2024 Jan to Mar","Mountain","Caernarfon",28
"2024 Jan to Mar","Mountain","Humberside",6
"2024 Jan to Mar","Mountain","Inverness",15
"2024 Jan to Mar","Mountain","Lee On Solent",0
"2024 Jan to Mar","Mountain","Lydd",0
"2024 Jan to Mar","Mountain","Newquay",0
"2024 Jan to Mar","Mountain","Prestwick",31
"2024 Jan to Mar","Mountain","St Athan",10
"2024 Jan to Mar","Mountain","Stornoway",4
"2024 Jan to Mar","Mountain","Sumburgh",0
"2024 Jan to Mar","Other","Caernarfon",28
"2024 Jan to Mar","Other","Humberside",20
"2024 Jan to Mar","Other","Inverness",46
"2024 Jan to Mar","Other","Lee On Solent",35
"2024 Jan to Mar","Other","Lydd",10
"2024 Jan to Mar","Other","Newquay",42
"2024 Jan to Mar","Other","Prestwick",44
"2024 Jan to Mar","Other","St Athan",19
"2024 Jan to Mar","Other","Stornoway",30
"2024 Jan to Mar","Other","Sumburgh",58
"2024 Jan to Mar","Vessel","Caernarfon",2
"2024 Jan to Mar","Vessel","Humberside",7
"2024 Jan to Mar","Vessel","Inverness",3
"2024 Jan to Mar","Vessel","Lee On Solent",4
"2024 Jan to Mar","Vessel","Lydd",5
"2024 Jan to Mar","Vessel","Newquay",12
"2024 Jan to Mar","Vessel","Prestwick",4
"2024 Jan to Mar","Vessel","St Athan",3
"2024 Jan to Mar","Vessel","Stornoway",3
"2024 Jan to Mar","Vessel","Sumburgh",6
"2024 Apr to Jun","Beach/Cliff","Caernarfon",20
"2024 Apr to Jun","Beach/Cliff","Humberside",14
"2024 Apr to Jun","Beach/Cliff","Inverness",9
"2024 Apr to Jun","Beach/Cliff","Lee On Solent",23
"2024 Apr to Jun","Beach/Cliff","Lydd",30
"2024 Apr to Jun","Beach/Cliff","Newquay",21
"2024 Apr to Jun","Beach/Cliff","Prestwick",17
"2024 Apr to Jun","Beach/Cliff","St Athan",29
"2024 Apr to Jun","Beach/Cliff","Stornoway",10
"2024 Apr to Jun","Beach/Cliff","Sumburgh",1
"2024 Apr to Jun","Mountain","Caernarfon",31
"2024 Apr to Jun","Mountain","Humberside",5
"2024 Apr to Jun","Mountain","Inverness",35
"2024 Apr to Jun","Mountain","Lee On Solent",0
"2024 Apr to Jun","Mountain","Lydd",0
"2024 Apr to Jun","Mountain","Newquay",0
"2024 Apr to Jun","Mountain","Prestwick",33
"2024 Apr to Jun","Mountain","St Athan",7
"2024 Apr to Jun","Mountain","Stornoway",22
"2024 Apr to Jun","Mountain","Sumburgh",0
"2024 Apr to Jun","Other","Caernarfon",24
"2024 Apr to Jun","Other","Humberside",30
"2024 Apr to Jun","Other","Inverness",37
"2024 Apr to Jun","Other","Lee On Solent",30
"2024 Apr to Jun","Other","Lydd",48
"2024 Apr to Jun","Other","Newquay",56
"2024 Apr to Jun","Other","Prestwick",80
"2024 Apr to Jun","Other","St Athan",34
"2024 Apr to Jun","Other","Stornoway",31
"2024 Apr to Jun","Other","Sumburgh",47
"2024 Apr to Jun","Vessel","Caernarfon",4
"2024 Apr to Jun","Vessel","Humberside",9
"2024 Apr to Jun","Vessel","Inverness",6
"2024 Apr to Jun","Vessel","Lee On Solent",12
"2024 Apr to Jun","Vessel","Lydd",9
"2024 Apr to Jun","Vessel","Newquay",15
"2024 Apr to Jun","Vessel","Prestwick",6
"2024 Apr to Jun","Vessel","St Athan",9
"2024 Apr to Jun","Vessel","Stornoway",6
"2024 Apr to Jun","Vessel","Sumburgh",13
"2024 Jul to Sep","Beach/Cliff","Caernarfon",18
"2024 Jul to Sep","Beach/Cliff","Humberside",20
"2024 Jul to Sep","Beach/Cliff","Inverness",14
"2024 Jul to Sep","Beach/Cliff","Lee On Solent",44
"2024 Jul to Sep","Beach/Cliff","Lydd",39
"2024 Jul to Sep","Beach/Cliff","Newquay",26
"2024 Jul to Sep","Beach/Cliff","Prestwick",21
"2024 Jul to Sep","Beach/Cliff","St Athan",43
"2024 Jul to Sep","Beach/Cliff","Stornoway",6
"2024 Jul to Sep","Beach/Cliff","Sumburgh",0
"2024 Jul to Sep","Mountain","Caernarfon",63
"2024 Jul to Sep","Mountain","Humberside",6
"2024 Jul to Sep","Mountain","Inverness",43
"2024 Jul to Sep","Mountain","Lee On Solent",0
"2024 Jul to Sep","Mountain","Lydd",0
"2024 Jul to Sep","Mountain","Newquay",0
"2024 Jul to Sep","Mountain","Prestwick",34
"2024 Jul to Sep","Mountain","St Athan",8
"2024 Jul to Sep","Mountain","Stornoway",18
"2024 Jul to Sep","Mountain","Sumburgh",0
"2024 Jul to Sep","Other","Caernarfon",40
"2024 Jul to Sep","Other","Humberside",28
"2024 Jul to Sep","Other","Inverness",44
"2024 Jul to Sep","Other","Lee On Solent",36
"2024 Jul to Sep","Other","Lydd",26
"2024 Jul to Sep","Other","Newquay",54
"2024 Jul to Sep","Other","Prestwick",61
"2024 Jul to Sep","Other","St Athan",28
"2024 Jul to Sep","Other","Stornoway",31
"2024 Jul to Sep","Other","Sumburgh",46
"2024 Jul to Sep","Vessel","Caernarfon",11
"2024 Jul to Sep","Vessel","Humberside",7
"2024 Jul to Sep","Vessel","Inverness",7
"2024 Jul to Sep","Vessel","Lee On Solent",24
"2024 Jul to Sep","Vessel","Lydd",14
"2024 Jul to Sep","Vessel","Newquay",11
"2024 Jul to Sep","Vessel","Prestwick",10
"2024 Jul to Sep","Vessel","St Athan",9
"2024 Jul to Sep","Vessel","Stornoway",13
"2024 Jul to Sep","Vessel","Sumburgh",9
"2024 Oct to Dec","Beach/Cliff","Caernarfon",8
"2024 Oct to Dec","Beach/Cliff","Humberside",9
"2024 Oct to Dec","Beach/Cliff","Inverness",6
"2024 Oct to Dec","Beach/Cliff","Lee On Solent",18
"2024 Oct to Dec","Beach/Cliff","Lydd",29
"2024 Oct to Dec","Beach/Cliff","Newquay",13
"2024 Oct to Dec","Beach/Cliff","Prestwick",12
"2024 Oct to Dec","Beach/Cliff","St Athan",17
"2024 Oct to Dec","Beach/Cliff","Stornoway",1
"2024 Oct to Dec","Beach/Cliff","Sumburgh",1
"2024 Oct to Dec","Mountain","Caernarfon",14
"2024 Oct to Dec","Mountain","Humberside",2
"2024 Oct to Dec","Mountain","Inverness",11
"2024 Oct to Dec","Mountain","Lee On Solent",0
"2024 Oct to Dec","Mountain","Lydd",0
"2024 Oct to Dec","Mountain","Newquay",1
"2024 Oct to Dec","Mountain","Prestwick",24
"2024 Oct to Dec","Mountain","St Athan",3
"2024 Oct to Dec","Mountain","Stornoway",3
"2024 Oct to Dec","Mountain","Sumburgh",0
"2024 Oct to Dec","Other","Caernarfon",32
"2024 Oct to Dec","Other","Humberside",29
"2024 Oct to Dec","Other","Inverness",52
"2024 Oct to Dec","Other","Lee On Solent",31
"2024 Oct to Dec","Other","Lydd",22
"2024 Oct to Dec","Other","Newquay",48
"2024 Oct to Dec","Other","Prestwick",65
"2024 Oct to Dec","Other","St Athan",39
"2024 Oct to Dec","Other","Stornoway",33
"2024 Oct to Dec","Other","Sumburgh",42
"2024 Oct to Dec","Vessel","Caernarfon",0
"2024 Oct to Dec","Vessel","Humberside",10
"2024 Oct to Dec","Vessel","Inverness",4
"2024 Oct to Dec","Vessel","Lee On Solent",5
"2024 Oct to Dec","Vessel","Lydd",3
"2024 Oct to Dec","Vessel","Newquay",6
"2024 Oct to Dec","Vessel","Prestwick",4
"2024 Oct to Dec","Vessel","St Athan",2
"2024 Oct to Dec","Vessel","Stornoway",4
"2024 Oct to Dec","Vessel","Sumburgh",5
"2025 Jan to Mar","Beach/Cliff","Caernarfon",13
"2025 Jan to Mar","Beach/Cliff","Humberside",11
"2025 Jan to Mar","Beach/Cliff","Inverness",7
"2025 Jan to Mar","Beach/Cliff","Lee On Solent",15
"2025 Jan to Mar","Beach/Cliff","Lydd",17
"2025 Jan to Mar","Beach/Cliff","Newquay",15
"2025 Jan to Mar","Beach/Cliff","Prestwick",11
"2025 Jan to Mar","Beach/Cliff","St Athan",12
"2025 Jan to Mar","Beach/Cliff","Stornoway",4
"2025 Jan to Mar","Beach/Cliff","Sumburgh",0
"2025 Jan to Mar","Mountain","Caernarfon",27
"2025 Jan to Mar","Mountain","Humberside",4
"2025 Jan to Mar","Mountain","Inverness",21
"2025 Jan to Mar","Mountain","Lee On Solent",0
"2025 Jan to Mar","Mountain","Lydd",0
"2025 Jan to Mar","Mountain","Newquay",0
"2025 Jan to Mar","Mountain","Prestwick",20
"2025 Jan to Mar","Mountain","St Athan",10
"2025 Jan to Mar","Mountain","Stornoway",12
"2025 Jan to Mar","Mountain","Sumburgh",1
"2025 Jan to Mar","Other","Caernarfon",18
"2025 Jan to Mar","Other","Humberside",34
"2025 Jan to Mar","Other","Inverness",26
"2025 Jan to Mar","Other","Lee On Solent",18
"2025 Jan to Mar","Other","Lydd",16
"2025 Jan to Mar","Other","Newquay",38
"2025 Jan to Mar","Other","Prestwick",50
"2025 Jan to Mar","Other","St Athan",20
"2025 Jan to Mar","Other","Stornoway",18
"2025 Jan to Mar","Other","Sumburgh",40
"2025 Jan to Mar","Vessel","Caernarfon",2
"2025 Jan to Mar","Vessel","Humberside",9
"2025 Jan to Mar","Vessel","Inverness",4
"2025 Jan to Mar","Vessel","Lee On Solent",4
"2025 Jan to Mar","Vessel","Lydd",5
"2025 Jan to Mar","Vessel","Newquay",4
"2025 Jan to Mar","Vessel","Prestwick",2
"2025 Jan to Mar","Vessel","St Athan",1
"2025 Jan to Mar","Vessel","Stornoway",4
"2025 Jan to Mar","Vessel","Sumburgh",3
